ID,Prediction
17:43106487:A:C,1
17:43124027:ACT:A,1
17:43094316:TGATTCAGACTCCCCATCATGTGAGTCATCAGAACCTAACA:T,1
17:43093233:ACT:A,1
17:43092848:GTT:G,1
17:43092525:GT:G,1
17:43091783:C:A,1
17:43091771:TAGAC:T,1
17:43091462:CTTGA:C,1
17:43082434:G:A,1
17:43082434:G:C,0
17:43057062:T:TG,1
17:43070929:AATTCTTCTGGGGTCAGGCC:A,1
17:43093142:C:A,1
17:43094684:ATGAG:A,1
17:43092039:ACTAGTATCTTC:A,1
17:43093974:CT:C,1
17:43106457:T:C,1
17:43051071:A:C,1
17:43051071:A:T,1
17:43094514:CT:C,1
17:43094512:AC:A,1
17:43094495:G:A,0
17:43094426:C:T,0
17:43094409:TG:T,1
17:43094315:TTGATTCAGACTCCCCATCATGTGAGTCATCAGAACCTAACA:T,1
17:43094311:GCATTTGATTCAGACTCCCCATCATGTGAGTCATCAGAACCTAA:G,1
17:43094312:CATTTGATTCAGACTCCCCATCATGTGAGTCATCAGAACCTAACA:C,1
17:43094190:A:AC,1
17:43094169:ACT:A,1
17:43094141:TT:C,1
17:43106524:CA:C,1
17:43094083:ATAAT:A,1
17:43094051:G:A,1
17:43094045:G:A,0
17:43094022:CTTTAA:C,1
17:43094020:CG:C,1
17:43093997:G:A,0
17:43093856:CT:C,1
17:43093844:G:A,1
17:43093802:C:CT,1
17:43093682:TAGA:T,1
17:43093676:GC:G,1
17:43093609:A:AT,1
17:43093574:TTTTC:T,1
17:43093571:T:A,1
17:43093569:CT:C,1
17:43093558:AT:A,1
17:43093529:G:A,0
17:43093459:CT:C,1
17:43093425:T:TA,1
17:43093393:G:C,1
17:43093373:C:A,1
17:43093364:T:C,0
17:43093319:CTG:C,1
17:43093316:T:TAA,1
17:43093261:AC:A,1
17:43093231:CT:C,1
17:43093180:G:A,0
17:43093118:ACT:A,1
17:43093106:CA:C,1
17:43093097:TG:T,1
17:43093073:TG:T,1
17:43093055:TG:T,1
17:43093054:G:T,0
17:43093015:TG:T,1
17:43092968:G:A,1
17:43092947:T:C,0
17:43092928:G:C,1
17:43092896:C:A,1
17:43092862:C:A,0
17:43092854:T:A,1
17:43092848:GTTTC:G,1
17:43092823:C:CAT,1
17:43092821:C:A,1
17:43092773:C:T,0
17:43092758:T:G,0
17:43092721:TTATC:T,1
17:43092597:A:C,1
17:43092548:TAC:T,1
17:43092492:TTC:T,1
17:43104258:G:C,0
17:43092449:G:A,0
17:43092448:C:T,0
17:43092419:C:A,1
17:43092401:T:C,0
17:43092356:TA:T,1
17:43092301:CCT:C,1
17:43104233:CT:C,1
17:43092204:T:G,0
17:43092196:TCTTG:T,1
17:43092179:G:A,1
17:43092171:AAC:A,1
17:43092142:G:C,1
17:43092131:C:A,1
17:43092088:TC:T,1
17:43092045:AT:A,1
17:43092027:AT:A,1
17:43091918:CT:C,1
17:43091903:C:CT,1
