ID,Start,Start_pro,Function,LoF_HC_Canonical,Pfam_imp_domain,AF,AF_raw,AF_male,AF_female,AF_afr,AF_ami,AF_amr,AF_asj,AF_eas,AF_fin,AF_nfe,AF_oth,AF_sas,esp6500siv2_all,GME_AF,GME_NWA,GME_NEA,GME_AP,GME_Israel,GME_SD,GME_TP,GME_CA,AFR.sites.2015_08,AMR.sites.2015_08,ALL.sites.2015_08,EAS.sites.2015_08,EUR.sites.2015_08,SAS.sites.2015_08,MCAP,REVEL,SIFT_score,SIFT4G_score,Polyphen2_HDIV_score,Polyphen2_HVAR_score,LRT_score,MutationTaster_score,MutationAssessor_score,FATHMM_score,PROVEAN_score,VEST4_score,MetaSVM_score,MetaLR_score,MetaRNN_score,MutPred_score,MVP_score,MPC_score,PrimateAI_score,DEOGEN2_score,BayesDel_addAF_score,BayesDel_noAF_score,ClinPred_score,LIST-S2_score,CADD_raw,CADD_phred,DANN_score,fathmm-MKL_coding_score,fathmm-XF_coding_score,Eigen-raw_coding,Eigen-PC-raw_coding,GenoCanyon_score,integrated_fitCons_score,GERP++_NR,GERP++_RS,phyloP100way_vertebrate,phyloP30way_mammalian,phastCons100way_vertebrate,phastCons30way_mammalian,SiPhy_29way_logOdds,Outcome
17:43106487:A:C,43106487,61,2,0.0,1.0,3.489e-05,3.487e-05,5.76e-05,1.354e-05,0,0,0,0,0,0,7.742e-05,0,0,0,0,0,0,0,0,0,0,0,0,0,0,0.0,0,0.0,0.96310312376,0.948,0.0,0.011,0.116,0.026,0.000,0.999,4.355,-6.42,-1.89,0.977,0.951,0.993,0.992,0.995,0.998,0.450,0.649,0.480,0.433,0.565,0.984,0.956,3.979,26.8,0.985,0.976,0.869,0.838,0.743,0.045,0.651,5.17,5.17,5.098,1.288,1.000,0.998,12.676,1
17:43124027:ACT:A,43124028,23,4,1.0,1.0,0.0002,0.0002,0.0001,0.0002,0,0,7.324e-05,0.0057,0,0,3.098e-05,0,0,0,0,0,0,0,0,0,0,0,0,0,0,0.0,0,0.0,,,,,,,,,,,,,,,,,,,,,,,,,,,,,,,,,,,,,,,,,1
17:43094316:TGATTCAGACTCCCCATCATGTGAGTCATCAGAACCTAACA:T,43094317,392,4,1.0,1.0,0,0,0,0,0,0,0,0,0,0,0,0,0,0,0,0,0,0,0,0,0,0,0,0,0,0.0,0,0.0,,,,,,,,,,,,,,,,,,,,,,,,,,,,,,,,,,,,,,,,,1
17:43093233:ACT:A,43093234,766,5,1.0,0.0,0,0,0,0,0,0,0,0,0,0,0,0,0,0,0,0,0,0,0,0,0,0,0,0,0,0.0,0,0.0,,,,,,,,,,,,,,,,,,,,,,,,,,,,,,,,,,,,,,,,,1
17:43092848:GTT:G,43092849,894,4,1.0,0.0,6.985e-06,6.976e-06,0,1.355e-05,0,0,0,0,0,0,1.55e-05,0,0,0,0,0,0,0,0,0,0,0,0,0,0,0.0,0,0.0,,,,,,,,,,,,,,,,,,,,,,,,,,,,,,,,,,,,,,,,,1
17:43092525:GT:G,43092526,1002,4,1.0,0.0,6.985e-06,6.977e-06,0,1.355e-05,0,0,0,0,0,0,1.549e-05,0,0,0,0,0,0,0,0,0,0,0,0,0,0,0.0,0,0.0,,,,,,,,,,,,,,,,,,,,,,,,,,,,,,,,,,,,,,,,,1
17:43091783:C:A,43091783,1250,5,1.0,0.0,0,0,0,0,0,0,0,0,0,0,0,0,0,0,0,0,0,0,0,0,0,0,0,0,0,0.0,0,0.0,,,,,,,0.204,1,,,,0.835,,,,,,,,,0.347,0.277,,,5.183,33,0.983,0.237,0.146,0.224,-0.136,0.268,0.732,5.31,1.01,0.505,0.088,0.000,0.008,7.915,1
17:43091771:TAGAC:T,43091772,1253,4,1.0,0.0,1.396e-05,1.395e-05,1.44e-05,1.354e-05,0,0,0,0,0,0,3.097e-05,0,0,0.0210,0,0,0,0,0,0,0,0,0,0,0,0.0,0,0.0,,,,,,,,,,,,,,,,,,,,,,,,,,,,,,,,,,,,,,,,,1
17:43091462:CTTGA:C,43091463,1355,4,1.0,0.0,1.395e-05,1.395e-05,0,2.708e-05,0,0,0,0,0,0,3.097e-05,0,0,0,0,0,0,0,0,0,0,0,0,0,0,0.0,0,0.0,,,,,,,,,,,,,,,,,,,,,,,,,,,,,,,,,,,,,,,,,1
17:43082434:G:A,43082434,1443,5,1.0,0.0,6.982e-06,6.975e-06,1.441e-05,0,2.379e-05,0,0,0,0,0,0,0,0,0,0,0,0,0,0,0,0,0,0,0,0,0.0,0,0.0,,,,,,,0.532,1,,,,0.872,,,,,,,,,0.222,0.278,,,6.006,35,0.989,0.247,0.112,-0.045,-0.360,0.000,0.706,5.29,2.27,1.527,0.230,0.160,0.003,7.117,1
17:43082434:G:C,43082434,1443,2,0.0,0.0,2.095e-05,2.093e-05,4.322e-05,0,2.379e-05,0,0,0,0,0,1.549e-05,0.0005,0,0,0,0,0,0,0,0,0,0,0,0,0,0.0,0,0.0,0.158035179594,0.007,0.119,0.435,0.03,0.018,0.532,1,0,0.53,-1.16,0.157,-1.026,0.079,0.076,0.134,0.255,0.111,0.215,0.097,-0.156,-0.285,0.042,0.898,1.650,16.70,0.936,0.301,0.222,-0.933,-0.922,0.000,0.706,5.29,2.27,1.527,0.230,0.160,0.003,7.117,0
17:43057062:T:TG,43057062,1756,3,1.0,1.0,6.281e-05,6.277e-05,1.44e-05,0.0001,0,0,0,0.0009,0,0,7.743e-05,0.0005,0,0,0,0,0,0,0,0,0,0,0,0,0,0.0,0,0.0,,,,,,,,,,,,,,,,,,,,,,,,,,,,,,,,,,,,,,,,,1
17:43070929:AATTCTTCTGGGGTCAGGCC:A,43070930,1656,4,1.0,1.0,0,0,0,0,0,0,0,0,0,0,0,0,0,0,0,0,0,0,0,0,0,0,0,0,0,0.0,0,0.0,,,,,,,,,,,,,,,,,,,,,,,,,,,,,,,,,,,,,,,,,1
17:43093142:C:A,43093142,797,5,1.0,0.0,0,0,0,0,0,0,0,0,0,0,0,0,0,0,0,0,0,0,0,0,0,0,0,0,0,0.0,0,0.0,,,,,,,0.622,1,,,,0.775,,,,,,,,,0.373,0.298,,,4.757,32,0.992,0.354,0.150,0.359,0.035,1.000,0.707,5.36,4.39,-0.022,1.026,0.000,0.043,9.318,1
17:43094684:ATGAG:A,43094685,282,4,1.0,0.0,0,0,0,0,0,0,0,0,0,0,0,0,0,0,0,0,0,0,0,0,0,0,0,0,0,0.0,0,0.0,,,,,,,,,,,,,,,,,,,,,,,,,,,,,,,,,,,,,,,,,1
17:43092039:ACTAGTATCTTC:A,43092040,1161,4,1.0,0.0,0,0,0,0,0,0,0,0,0,0,0,0,0,0,0,0,0,0,0,0,0,0,0,0,0,0.0,0,0.0,,,,,,,,,,,,,,,,,,,,,,,,,,,,,,,,,,,,,,,,,1
17:43093974:CT:C,43093975,519,4,1.0,0.0,0,0,0,0,0,0,0,0,0,0,0,0,0,0,0,0,0,0,0,0,0,0,0,0,0,0.0,0,0.0,,,,,,,,,,,,,,,,,,,,,,,,,,,,,,,,,,,,,,,,,1
17:43106457:T:C,43106457,71,2,0.0,1.0,0,0,0,0,0,0,0,0,0,0,0,0,0,0,0,0,0,0,0,0,0,0,0,0,0,0.0,0,0.0,0.80065969883,0.866,0.0,0.06,0.956,0.444,0.000,1.000,2.455,-3.11,-1.4,0.855,0.836,0.839,0.931,0.809,0.936,0.225,0.551,0.325,0.465,0.430,0.867,0.965,5.626,34,0.999,0.965,0.841,0.586,0.547,0.012,0.651,4.64,4.64,4.160,1.118,1.000,1.000,11.830,1
17:43051071:A:C,43051071,1775,2,0.0,1.0,6.981e-06,6.975e-06,1.44e-05,0,2.379e-05,0,0,0,0,0,0,0,0,0,0,0,0,0,0,0,0,0,0,0,0,0.0,0,0.0,0.796076268448,0.728,0.003,0.0,0.998,0.844,0.000,1,2.33,-1.35,-4.35,0.979,0.692,0.784,0.901,,0.964,0.554,0.544,0.345,0.242,0.389,0.939,0.956,4.026,27.2,0.988,0.970,0.739,0.696,0.668,0.019,0.732,5.21,5.21,5.026,1.278,1.000,1.000,11.654,1
17:43051071:A:T,43051071,1775,2,0.0,1.0,0,0,0,0,0,0,0,0,0,0,0,0,0,0,0,0,0,0,0,0,0,0,0,0,0,0.0,0,0.0,0.804845598237,0.734,0.003,0.0,0.99,0.798,0.000,1,2.33,-1.32,-4.35,0.976,0.692,0.784,0.899,,0.963,0.560,0.563,0.235,0.436,0.389,0.991,0.957,3.990,26.9,0.986,0.969,0.720,0.693,0.666,0.019,0.732,5.21,5.21,5.026,1.278,1.000,1.000,11.654,1
17:43094514:CT:C,43094515,339,4,1.0,0.0,0,0,0,0,0,0,0,0,0,0,0,0,0,0,0,0,0,0,0,0,0,0,0,0,0,0.0,0,0.0,,,,,,,,,,,,,,,,,,,,,,,,,,,,,,,,,,,,,,,,,1
17:43094512:AC:A,43094513,340,5,1.0,0.0,0,0,0,0,0,0,0,0,0,0,0,0,0,0,0,0,0,0,0,0,0,0,0,0,0,0.0,0,0.0,,,,,,,,,,,,,,,,,,,,,,,,,,,,,,,,,,,,,,,,,1
17:43094495:G:A,43094495,346,2,0.0,1.0,6.283e-05,6.278e-05,4.322e-05,8.127e-05,0,0,0,0,0.0029,0,0,0,0,0,0,0,0,0,0,0,0,0,0,0,0,0.0,0,0.0,0.582868256516,0.515,0.533,0.619,0.017,0.048,0.780,1,1.735,-2.73,-5.1,0.377,-0.600,0.548,0.028,0.404,0.335,0.097,0.195,0.466,-0.185,-0.035,0.054,0.895,-0.271,0.359,0.381,0.038,0.094,-1.257,-1.295,0.999,0.707,4.73,0.301,0.451,-0.505,0.001,0.003,5.634,0
17:43094426:C:T,43094426,369,2,0.0,1.0,6.979e-06,6.975e-06,0,1.354e-05,0,0,0,0,0,0,1.549e-05,0,0,0,0,0,0,0,0,0,0,0,0,0,0,0.0,0,0.0,0.0702283554789,0.398,0.028,0.053,0.966,0.838,0.040,1,2.76,-2.98,-4.24,0.384,0.262,0.823,0.278,0.423,0.862,0.273,0.286,0.370,0.044,-0.067,0.581,0.914,1.243,13.97,0.998,0.108,0.102,0.159,0.014,1.000,0.707,4.66,3.69,0.803,1.026,0.005,0.727,6.648,0
17:43094409:TG:T,43094410,374,4,1.0,1.0,0,0,0,0,0,0,0,0,0,0,0,0,0,0,0,0,0,0,0,0,0,0,0,0,0,0.0,0,0.0,,,,,,,,,,,,,,,,,,,,,,,,,,,,,,,,,,,,,,,,,1
17:43094315:TTGATTCAGACTCCCCATCATGTGAGTCATCAGAACCTAACA:T,43094316,392,4,1.0,1.0,0,0,0,0,0,0,0,0,0,0,0,0,0,0,0,0,0,0,0,0,0,0,0,0,0,0.0,0,0.0,,,,,,,,,,,,,,,,,,,,,,,,,,,,,,,,,,,,,,,,,1
17:43094311:GCATTTGATTCAGACTCCCCATCATGTGAGTCATCAGAACCTAA:G,43094312,393,4,1.0,1.0,0,0,0,0,0,0,0,0,0,0,0,0,0,0,0,0,0,0,0,0,0,0,0,0,0,0.0,0,0.0,,,,,,,,,,,,,,,,,,,,,,,,,,,,,,,,,,,,,,,,,1
17:43094312:CATTTGATTCAGACTCCCCATCATGTGAGTCATCAGAACCTAACA:C,43094313,392,4,1.0,1.0,0,0,0,0,0,0,0,0,0,0,0,0,0,0,0,0,0,0,0,0,0,0,0,0,0,0.0,0,0.0,,,,,,,,,,,,,,,,,,,,,,,,,,,,,,,,,,,,,,,,,1
17:43094190:A:AC,43094190,448,3,1.0,1.0,0,0,0,0,0,0,0,0,0,0,0,0,0,0,0,0,0,0,0,0,0,0,0,0,0,0.0,0,0.0,,,,,,,,,,,,,,,,,,,,,,,,,,,,,,,,,,,,,,,,,1
17:43094169:ACT:A,43094170,454,5,1.0,1.0,0,0,0,0,0,0,0,0,0,0,0,0,0,0,0,0,0,0,0,0,0,0,0,0,0,0.0,0,0.0,,,,,,,,,,,,,,,,,,,,,,,,,,,,,,,,,,,,,,,,,1
17:43094141:TT:C,43094141,464,7,1.0,1.0,0,0,0,0,0,0,0,0,0,0,0,0,0,0,0,0,0,0,0,0,0,0,0,0,0,0.0,0,0.0,,,,,,,,,,,,,,,,,,,,,,,,,,,,,,,,,,,,,,,,,1
17:43106524:CA:C,43106525,48,8,1.0,1.0,0,0,0,0,0,0,0,0,0,0,0,0,0,0,0,0,0,0,0,0,0,0,0,0,0,0.0,0,0.0,,,,,,,,,,,,,,,,,,,,,,,,,,,,,,,,,,,,,,,,,1
17:43094083:ATAAT:A,43094084,482,5,1.0,1.0,0,0,0,0,0,0,0,0,0,0,0,0,0,0,0,0,0,0,0,0,0,0,0,0,0,0.0,0,0.0,,,,,,,,,,,,,,,,,,,,,,,,,,,,,,,,,,,,,,,,,1
17:43094051:G:A,43094051,494,5,1.0,1.0,0,0,0,0,0,0,0,0,0,0,0,0,0,0,0,0,0,0,0,0,0,0,0,0,0,0.0,0,0.0,,,,,,,0.337,1,,,,0.849,,,,,,,,,0.204,0.056,,,4.940,33,0.973,0.707,0.059,0.450,0.133,1.000,0.651,4.02,3.01,2.514,1.176,0.859,0.040,8.938,1
17:43094045:G:A,43094045,496,2,0.0,1.0,0.0002,0.0002,0.0002,0.0002,0.0001,0,0.0001,0.0006,0,0,0.0002,0.0005,0,7.7e-05,0,0,0,0,0,0,0,0,0,0,0,0.0,0,0.0,0.0415711942479,0.570,0.128,0.222,0.004,0.009,0.181,1,1.125,-2.8,-3.7,0.297,-0.509,0.584,0.112,,0.556,0.111,0.192,0.253,-0.071,0.014,0.011,0.929,0.185,2.959,0.722,0.083,0.132,-0.927,-0.967,0.999,0.651,4.44,-0.308,-0.232,0.228,0.000,0.010,7.183,0
17:43094022:CTTTAA:C,43094023,502,4,1.0,1.0,0,0,0,0,0,0,0,0,0,0,0,0,0,0,0,0,0,0,0,0,0,0,0,0,0,0.0,0,0.0,,,,,,,,,,,,,,,,,,,,,,,,,,,,,,,,,,,,,,,,,1
17:43094020:CG:C,43094021,504,4,1.0,1.0,0,0,0,0,0,0,0,0,0,0,0,0,0,0,0,0,0,0,0,0,0,0,0,0,0,0.0,0,0.0,,,,,,,,,,,,,,,,,,,,,,,,,,,,,,,,,,,,,,,,,1
17:43093997:G:A,43093997,512,2,0.0,0.0,6.283e-05,6.278e-05,8.644e-05,4.064e-05,0,0,0,0,0,0,0.0001,0,0,0,0,0,0,0,0,0,0,0,0,0,0,0.0,0,0.0,0.217289979945,0.716,0.004,0.006,1.0,0.998,0.032,0.973,3.72,-3.49,-3.85,0.647,0.614,0.927,0.801,,0.965,0.455,0.377,0.660,0.228,0.271,0.619,0.909,3.509,24.7,0.998,0.811,0.393,0.565,0.391,1.000,0.651,4.62,4.62,3.457,1.176,0.996,0.964,10.754,0
17:43093856:CT:C,43093857,559,4,1.0,0.0,0,0,0,0,0,0,0,0,0,0,0,0,0,0,0,0,0,0,0,0,0,0,0,0,0,0.0,0,0.0,,,,,,,,,,,,,,,,,,,,,,,,,,,,,,,,,,,,,,,,,1
17:43093844:G:A,43093844,563,5,1.0,0.0,6.984e-06,6.977e-06,0,1.355e-05,0,0,0,0,0,0,1.549e-05,0,0,0,0,0,0,0,0,0,0,0,0,0,0,0.0,0,0.0,,,,,,,0.329,1,,,,0.824,,,,,,,,,0.260,0.292,,,6.620,36,0.992,0.850,0.080,0.880,0.675,1.000,0.707,5.07,4.06,3.441,1.176,0.995,0.985,13.667,1
17:43093802:C:CT,43093802,577,3,1.0,0.0,0,0,0,0,0,0,0,0,0,0,0,0,0,0,0,0,0,0,0,0,0,0,0,0,0,0.0,0,0.0,,,,,,,,,,,,,,,,,,,,,,,,,,,,,,,,,,,,,,,,,1
17:43093682:TAGA:T,43093683,616,6,0.0,0.0,0.0009,0.0009,0.0009,0.0010,0.0032,0,0.0001,0,0,0,1.549e-05,0,0,0.0016,0.001007,0.000000,0.000000,0.005848,0.000000,0.000000,0.000000,0.000000,0.0045,0,0.00119808,0.0,0,0.0,,,,,,,,,,,,,,,,,,,,,,,,,,,,,,,,,,,,,,,,,0
17:43093676:GC:G,43093677,618,4,1.0,0.0,0,0,0,0,0,0,0,0,0,0,0,0,0,0,0,0,0,0,0,0,0,0,0,0,0,0.0,0,0.0,,,,,,,,,,,,,,,,,,,,,,,,,,,,,,,,,,,,,,,,,1
17:43093609:A:AT,43093609,641,3,1.0,0.0,0,0,0,0,0,0,0,0,0,0,0,0,0,0,0,0,0,0,0,0,0,0,0,0,0,0.0,0,0.0,,,,,,,,,,,,,,,,,,,,,,,,,,,,,,,,,,,,,,,,,1
17:43093574:TTTTC:T,43093575,653,4,1.0,0.0,6.979e-06,6.974e-06,1.44e-05,0,0,0,0,0,0,0,1.549e-05,0,0,0,0,0,0,0,0,0,0,0,0,0,0,0.0,0,0.0,,,,,,,,,,,,,,,,,,,,,,,,,,,,,,,,,,,,,,,,,1
17:43093571:T:A,43093571,654,5,1.0,0.0,6.979e-06,6.975e-06,1.44e-05,0,0,0,0,0,0,0,1.549e-05,0,0,0,0,0,0,0,0,0,0,0,0,0,0,0.0,0,0.0,,,,,,,0.577,1,,,,0.815,,,,,,,,,0.009,-0.225,,,4.319,29.7,0.865,0.067,0.106,-0.109,-0.538,1.000,0.732,4.64,-3.4,0.026,-0.255,0.000,0.002,7.470,1
17:43093569:CT:C,43093570,654,4,1.0,0.0,6.988e-06,6.977e-06,1.442e-05,0,0,0,0,0,0,0,1.55e-05,0,0,0,0,0,0,0,0,0,0,0,0,0,0,0.0,0,0.0,,,,,,,,,,,,,,,,,,,,,,,,,,,,,,,,,,,,,,,,,1
17:43093558:AT:A,43093559,658,4,1.0,0.0,0,0,0,0,0,0,0,0,0,0,0,0,0,0,0,0,0,0,0,0,0,0,0,0,0,0.0,0,0.0,,,,,,,,,,,,,,,,,,,,,,,,,,,,,,,,,,,,,,,,,1
17:43093529:G:A,43093529,668,2,0.0,0.0,0.0001,0.0001,0.0001,9.48e-05,2.379e-05,0,0.0004,0,0,0,0.0001,0,0,0,0,0,0,0,0,0,0,0,0,0,0,0.0,0,0.0,0.044129140927,0.487,0.094,0.056,0.812,0.679,0.004,1,2.085,-1.95,-1.96,0.368,-0.295,0.575,0.156,,0.896,0.112,0.346,0.342,-0.059,-0.146,0.054,0.865,0.334,4.684,0.946,0.056,0.117,-0.500,-0.631,1.000,0.732,5.15,2.04,0.198,0.225,0.011,0.004,5.633,0
17:43093459:CT:C,43093460,691,4,1.0,0.0,0,0,0,0,0,0,0,0,0,0,0,0,0,0,0,0,0,0,0,0,0,0,0,0,0,0.0,0,0.0,,,,,,,,,,,,,,,,,,,,,,,,,,,,,,,,,,,,,,,,,1
17:43093425:T:TA,43093425,702,3,1.0,0.0,0,0,0,0,0,0,0,0,0,0,0,0,0,0,0,0,0,0,0,0,0,0,0,0,0,0.0,0,0.0,,,,,,,,,,,,,,,,,,,,,,,,,,,,,,,,,,,,,,,,,1
17:43093393:G:C,43093393,713,5,1.0,0.0,1.397e-05,1.395e-05,1.441e-05,1.355e-05,0,0,0,0,0,0,3.098e-05,0,0,0,0,0,0,0,0,0,0,0,0,0,0,0.0,0,0.0,,,,,,,0.109,1,,,,0.868,,,,,,,,,0.358,0.276,,,5.185,33,0.989,0.138,0.080,0.254,-0.069,1.000,0.732,5.51,2.33,0.630,1.176,0.003,0.537,3.434,1
17:43093373:C:A,43093373,720,5,1.0,0.0,0,0,0,0,0,0,0,0,0,0,0,0,0,0,0,0,0,0,0,0,0,0,0,0,0,0.0,0,0.0,,,,,,,0.244,1,,,,0.796,,,,,,,,,0.362,0.282,,,5.786,34,0.992,0.262,0.089,0.399,0.095,1.000,0.651,5.51,3.5,0.574,-0.236,0.004,0.005,9.191,1
17:43093364:T:C,43093364,723,2,0.0,0.0,0.0020,0.0020,0.0020,0.0021,0.0064,0,0.0014,0,0,0,1.549e-05,0.0014,0,0.0025,0.001007,0.000000,0.002717,0.002924,0.000000,0.000000,0.000000,0.000000,0.0045,0.0058,0.00199681,0.0,0,0.0,0.0789473423409,0.363,0.081,0.18,0.164,0.119,0.507,1,1.41,-1.34,-3.59,0.258,-0.771,0.248,0.007,,0.456,0.096,0.280,0.413,-0.331,-0.247,0.004,0.797,0.692,8.384,0.966,0.109,0.139,-0.943,-1.029,1.000,0.651,5.51,-3.95,-0.375,1.138,0.000,0.235,1.587,0
17:43093319:CTG:C,43093320,737,4,1.0,0.0,0,0,0,0,0,0,0,0,0,0,0,0,0,0,0,0,0,0,0,0,0,0,0,0,0,0.0,0,0.0,,,,,,,,,,,,,,,,,,,,,,,,,,,,,,,,,,,,,,,,,1
17:43093316:T:TAA,43093316,739,3,1.0,0.0,0,0,0,0,0,0,0,0,0,0,0,0,0,0,0,0,0,0,0,0,0,0,0,0,0,0.0,0,0.0,,,,,,,,,,,,,,,,,,,,,,,,,,,,,,,,,,,,,,,,,1
17:43093261:AC:A,43093262,757,4,1.0,0.0,0,0,0,0,0,0,0,0,0,0,0,0,0,0,0,0,0,0,0,0,0,0,0,0,0,0.0,0,0.0,,,,,,,,,,,,,,,,,,,,,,,,,,,,,,,,,,,,,,,,,1
17:43093231:CT:C,43093232,767,4,1.0,0.0,0,0,0,0,0,0,0,0,0,0,0,0,0,0,0,0,0,0,0,0,0,0,0,0,0,0.0,0,0.0,,,,,,,,,,,,,,,,,,,,,,,,,,,,,,,,,,,,,,,,,1
17:43093180:G:A,43093180,784,2,0.0,0.0,3.491e-05,3.488e-05,4.324e-05,2.709e-05,2.38e-05,0,0.0002,0,0,0,1.549e-05,0,0,0,0,0,0,0,0,0,0,0,0,0.0014,0.000199681,0.0,0,0.0,0.414960399679,0.632,0.005,0.011,0.995,0.954,0.000,1,3.105,-2.81,-5.73,0.548,0.739,0.859,0.245,,0.959,0.432,0.364,0.661,-0.018,0.156,0.526,0.939,3.211,23.9,0.999,0.882,0.315,0.656,0.561,1.000,0.707,5.36,5.36,3.175,1.176,0.999,0.985,11.702,0
17:43093118:ACT:A,43093119,804,4,1.0,0.0,0,0,0,0,0,0,0,0,0,0,0,0,0,0,0,0,0,0,0,0,0,0,0,0,0,0.0,0,0.0,,,,,,,,,,,,,,,,,,,,,,,,,,,,,,,,,,,,,,,,,1
17:43093106:CA:C,43093107,808,4,1.0,0.0,0,0,0,0,0,0,0,0,0,0,0,0,0,0,0,0,0,0,0,0,0,0,0,0,0,0.0,0,0.0,,,,,,,,,,,,,,,,,,,,,,,,,,,,,,,,,,,,,,,,,1
17:43093097:TG:T,43093098,812,4,1.0,0.0,0,0,0,0,0,0,0,0,0,0,0,0,0,0,0,0,0,0,0,0,0,0,0,0,0,0.0,0,0.0,,,,,,,,,,,,,,,,,,,,,,,,,,,,,,,,,,,,,,,,,1
17:43093073:TG:T,43093074,821,4,1.0,0.0,0,0,0,0,0,0,0,0,0,0,0,0,0,0,0,0,0,0,0,0,0,0,0,0,0,0.0,0,0.0,,,,,,,,,,,,,,,,,,,,,,,,,,,,,,,,,,,,,,,,,1
17:43093055:TG:T,43093056,825,4,1.0,0.0,1.395e-05,1.395e-05,0,2.708e-05,0,0,0,0,0,0,3.097e-05,0,0,0,0,0,0,0,0,0,0,0,0,0,0,0.0,0,0.0,,,,,,,,,,,,,,,,,,,,,,,,,,,,,,,,,,,,,,,,,1
17:43093054:G:T,43093054,826,2,0.0,0.0,0.0002,0.0002,0.0002,0.0002,0.0001,0,0.0002,0,0,0,0.0003,0,0,0.0002,0,0,0,0,0,0,0,0,0,0,0.000199681,0.0,0.001,0.0,0.156689679036,0.548,0.001,0.12,0.954,0.968,0.045,1,3.29,-1.48,-5.15,0.412,-0.281,0.622,0.274,,0.686,0.215,0.249,0.541,0.110,0.226,0.137,0.948,1.351,14.75,0.953,0.166,0.195,-0.113,-0.343,1.000,0.732,4.97,1.68,0.182,1.176,0.000,0.588,5.409,0
17:43093015:TG:T,43093016,839,4,1.0,0.0,0,0,0,0,0,0,0,0,0,0,0,0,0,0,0,0,0,0,0,0,0,0,0,0,0,0.0,0,0.0,,,,,,,,,,,,,,,,,,,,,,,,,,,,,,,,,,,,,,,,,1
17:43092968:G:A,43092968,855,5,1.0,0.0,0,0,0,0,0,0,0,0,0,0,0,0,0,0,0,0,0,0,0,0,0,0,0,0,0,0.0,0,0.0,,,,,,,0.000,1,,,,0.884,,,,,,,,,0.575,0.588,,,7.905,40,0.997,0.934,0.174,1.049,0.891,1.000,0.732,5.15,5.15,4.531,1.176,1.000,1.000,13.578,1
17:43092947:T:C,43092947,862,2,0.0,0.0,6.977e-06,6.974e-06,1.44e-05,0,0,0,0,0,0,0,1.549e-05,0,0,0,0,0,0,0,0,0,0,0,0,0,0,0.0,0,0.0,0.279381332872,0.808,0.003,0.343,0.974,0.876,0.010,1,3.23,-1.98,-2.19,0.483,0.150,0.754,0.680,,0.877,0.405,0.285,0.617,0.073,0.104,0.334,0.930,3.485,24.7,0.998,0.875,0.423,0.476,0.415,1.000,0.745,5.15,4.09,2.708,0.142,0.997,0.995,11.051,0
17:43092928:G:C,43092928,868,5,1.0,0.0,0,0,0,0,0,0,0,0,0,0,0,0,0,0,0,0,0,0,0,0,0,0,0,0,0,0.0,0,0.0,,,,,,,0.507,1,,,,0.767,,,,,,,,,0.528,0.617,,,7.568,38,0.995,0.979,0.138,1.069,0.903,1.000,0.707,5.04,5.04,6.264,1.176,1.000,1.000,16.724,1
17:43092896:C:A,43092896,879,5,1.0,0.0,0,0,0,0,0,0,0,0,0,0,0,0,0,0,0,0,0,0,0,0,0,0,0,0,0,0.0,0,0.0,,,,,,,0.454,1,,,,0.814,,,,,,,,,0.363,0.284,,,5.947,35,0.993,0.077,0.111,0.340,0.034,1.000,0.563,4.51,1.28,0.562,-0.002,0.007,0.496,4.960,1
17:43092862:C:A,43092862,890,2,0.0,0.0,3.493e-05,3.488e-05,5.768e-05,1.355e-05,7.144e-05,0,0,0,0,0,3.098e-05,0,0,7.7e-05,0,0,0,0,0,0,0,0,0,0,0,0.0,0,0.0,0.0535249070309,0.349,0.49,0.375,0.002,0.007,0.001,1,0.215,-1.24,-1.3,0.258,-0.909,0.186,0.052,,0.235,0.105,0.169,0.222,-0.233,-0.335,0.015,0.134,-0.785,0.028,0.166,0.043,0.124,-1.714,-1.823,1.000,0.707,4.31,-8.62,-1.167,-0.860,0.000,0.000,3.695,0
17:43092854:T:A,43092854,893,5,1.0,0.0,0,0,0,0,0,0,0,0,0,0,0,0,0,0,0,0,0,0,0,0,0,0,0,0,0,0.0,0,0.0,,,,,,,0.657,1,,,,0.842,,,,,,,,,0.356,0.274,,,4.635,32,0.980,0.261,0.095,0.072,-0.269,1.000,0.707,4.8,2.44,-0.058,0.018,0.000,0.011,6.559,1
17:43092848:GTTTC:G,43092849,893,4,1.0,0.0,6.985e-06,6.976e-06,0,1.355e-05,2.38e-05,0,0,0,0,0,0,0,0,0,0,0,0,0,0,0,0,0,0,0,0,0.0,0,0.0,,,,,,,,,,,,,,,,,,,,,,,,,,,,,,,,,,,,,,,,,1
17:43092823:C:CAT,43092823,903,3,1.0,0.0,6.98e-06,6.975e-06,0,1.354e-05,0,0,0,0,0,0,1.549e-05,0,0,0,0,0,0,0,0,0,0,0,0,0,0,0.0,0,0.0,,,,,,,,,,,,,,,,,,,,,,,,,,,,,,,,,,,,,,,,,1
17:43092821:C:A,43092821,904,5,1.0,0.0,0,0,0,0,0,0,0,0,0,0,0,0,0,0,0,0,0,0,0,0,0,0,0,0,0,0.0,0,0.0,,,,,,,0.539,1,,,,0.819,,,,,,,,,0.358,0.277,,,5.271,33,0.985,0.235,0.104,-0.004,-0.362,1.000,0.707,4.85,0.292,0.412,-0.214,0.000,0.108,8.674,1
17:43092773:C:T,43092773,920,2,0.0,0.0,6.981e-06,6.975e-06,0,1.354e-05,0,0,7.334e-05,0,0,0,0,0,0,0,0,0,0,0,0,0,0,0,0,0,0,0.0,0,0.0,0.0741545260832,0.394,0.108,0.097,0.549,0.34,0.494,1,0.365,-1.12,-0.68,0.244,-0.775,0.262,0.192,0.37,0.229,0.074,0.235,0.215,-0.169,-0.304,0.028,0.615,-0.295,0.320,0.849,0.034,0.083,-1.148,-1.234,1.000,0.707,5.04,-2.63,-1.045,-0.231,0.000,0.001,4.556,0
17:43092758:T:G,43092758,925,2,0.0,0.0,0.0002,0.0002,0.0002,0.0002,0.0006,0,0.0004,0,0,0,0,0,0,0.0003,0,0,0,0,0,0,0,0,0,0.0014,0.000199681,0.0,0,0.0,0.0643851311253,0.340,0.007,0.263,0.01,0.038,0.291,1,1.1,-0.93,-0.21,0.333,-0.796,0.274,0.022,,0.358,0.088,0.242,0.141,-0.306,-0.268,0.006,0.926,0.626,7.761,0.894,0.095,0.192,-1.035,-1.116,1.000,0.707,4.81,-2.12,-0.281,0.200,0.000,0.000,6.318,0
17:43092721:TTATC:T,43092722,936,4,1.0,0.0,0,0,0,0,0,0,0,0,0,0,0,0,0,0,0,0,0,0,0,0,0,0,0,0,0,0.0,0,0.0,,,,,,,,,,,,,,,,,,,,,,,,,,,,,,,,,,,,,,,,,1
17:43092597:A:C,43092597,978,5,1.0,0.0,0,0,0,0,0,0,0,0,0,0,0,0,0,0,0,0,0,0,0,0,0,0,0,0,0,0.0,0,0.0,,,,,,,0.957,1,,,,0.707,,,,,,,,,0.169,0.006,,,4.502,32,0.938,0.060,0.082,-0.392,-0.716,1.000,0.651,4.57,2.27,-0.348,0.315,0.000,0.017,4.014,1
17:43092548:TAC:T,43092549,994,5,1.0,0.0,0,0,0,0,0,0,0,0,0,0,0,0,0,0,0,0,0,0,0,0,0,0,0,0,0,0.0,0,0.0,,,,,,,,,,,,,,,,,,,,,,,,,,,,,,,,,,,,,,,,,1
17:43092492:TTC:T,43092493,1013,4,1.0,0.0,0,0,0,0,0,0,0,0,0,0,0,0,0,0,0,0,0,0,0,0,0,0,0,0,0,0.0,0,0.0,,,,,,,,,,,,,,,,,,,,,,,,,,,,,,,,,,,,,,,,,1
17:43104258:G:C,43104258,102,2,0.0,0.0,0,0,0,0,0,0,0,0,0,0,0,0,0,0,0,0,0,0,0,0,0,0,0,0,0,0.0,0,0.0,0.118184959644,0.050,0.068,0.286,0.057,0.023,0.225,1,2.24,-3.18,-0.32,0.401,-0.884,0.194,0.336,0.48,0.948,0.181,0.312,0.213,0.263,0.140,0.519,0.940,3.020,23.5,0.994,0.794,0.328,0.096,0.126,0.000,0.651,5.32,3.24,1.516,1.146,1.000,0.991,5.483,0
17:43092449:G:A,43092449,1028,2,0.0,0.0,1.398e-05,1.396e-05,0,2.712e-05,0,0,0,0,0,0,3.098e-05,0,0,0,0,0,0,0,0,0,0,0,0,0,0,0.0,0,0.0,0.0685078669918,0.341,0.108,0.051,0.587,0.276,0.812,1,-0.345,-1.0,-2.92,0.231,-0.877,0.171,0.172,0.398,0.684,0.267,0.172,0.458,-0.096,-0.194,0.368,0.867,2.337,21.8,0.998,0.745,0.339,-0.259,-0.085,1.000,0.707,5.09,5.09,1.681,1.101,0.966,0.916,12.790,0
17:43092448:C:T,43092448,1028,2,0.0,0.0,0.0010,0.0010,0.0014,0.0007,0.0001,0,0.0098,0,0.0003,0,7.744e-05,0.0014,0,0,0,0,0,0,0,0,0,0,0,0.0058,0.000798722,0.0,0,0.0,0.0266340417755,0.325,0.304,0.17,0.0,0.0,0.812,0.646,-1.15,-0.98,0.12,0.165,-1.017,0.059,0.005,,0.252,0.101,0.179,0.141,-0.376,-0.315,0.006,0.784,0.265,3.878,0.828,0.004,0.053,-1.509,-1.445,0.998,0.707,5.09,-4.1,-0.327,-0.304,0.003,0.827,2.730,0
17:43092419:C:A,43092419,1038,5,1.0,0.0,0,0,0,0,0,0,0,0,0,0,0,0,0,0,0,0,0,0,0,0,0,0,0,0,0,0.0,0,0.0,,,,,,,0.155,1,,,,0.83,,,,,,,,,0.370,0.294,,,6.274,35,0.996,0.241,0.263,0.726,0.499,1.000,0.707,5.23,5.23,0.676,1.026,0.006,0.957,8.983,1
17:43092401:T:C,43092401,1044,2,0.0,0.0,2.094e-05,2.093e-05,2.881e-05,1.354e-05,4.759e-05,0,0,0,0,0,1.549e-05,0,0,0,0,0,0,0,0,0,0,0,0,0,0,0.0,0,0.0,0.076297250377,0.420,0.353,0.478,0.016,0.009,0.542,1,1.06,-1.26,-0.28,0.205,-0.933,0.245,0.041,0.153,0.209,0.076,0.284,0.108,-0.134,-0.274,0.043,0.785,-0.151,0.650,0.663,0.026,0.118,-1.197,-1.291,1.000,0.651,3.86,-6.34,-1.008,-0.482,0.000,0.725,4.366,0
17:43092356:TA:T,43092357,1059,4,1.0,0.0,0,0,0,0,0,0,0,0,0,0,0,0,0,0,0,0,0,0,0,0,0,0,0,0,0,0.0,0,0.0,,,,,,,,,,,,,,,,,,,,,,,,,,,,,,,,,,,,,,,,,1
17:43092301:CCT:C,43092302,1077,4,1.0,0.0,0,0,0,0,0,0,0,0,0,0,0,0,0,0,0,0,0,0,0,0,0,0,0,0,0,0.0,0,0.0,,,,,,,,,,,,,,,,,,,,,,,,,,,,,,,,,,,,,,,,,1
17:43104233:CT:C,43104234,110,4,1.0,0.0,0,0,0,0,0,0,0,0,0,0,0,0,0,0,0,0,0,0,0,0,0,0,0,0,0,0.0,0,0.0,,,,,,,,,,,,,,,,,,,,,,,,,,,,,,,,,,,,,,,,,1
17:43092204:T:G,43092204,1109,2,0.0,0.0,1.396e-05,1.395e-05,0,2.709e-05,0,0,0,0,0,0,3.098e-05,0,0,0.0002,0,0,0,0,0,0,0,0,0,0,0,0.0,0,0.0,0.12989562776,0.363,0.013,0.005,0.989,0.665,0.008,1,2.43,-1.37,-3.72,0.422,-0.207,0.612,0.374,,0.811,0.303,0.357,0.500,-0.097,-0.162,0.239,0.836,2.123,20.3,0.996,0.269,0.215,-0.148,-0.372,0.999,0.707,5.08,2.88,0.555,1.138,0.011,0.434,7.831,0
17:43092196:TCTTG:T,43092197,1111,4,1.0,0.0,2.094e-05,2.092e-05,2.88e-05,1.354e-05,2.379e-05,0,7.324e-05,0,0,0,1.549e-05,0,0,0,0,0,0,0,0,0,0,0,0,0,0,0.0,0,0.0,,,,,,,,,,,,,,,,,,,,,,,,,,,,,,,,,,,,,,,,,1
17:43092179:G:A,43092179,1118,5,1.0,0.0,0,0,0,0,0,0,0,0,0,0,0,0,0,0,0,0,0,0,0,0,0,0,0,0,0,0.0,0,0.0,,,,,,,0.488,1,,,,0.848,,,,,,,,,0.356,0.274,,,5.187,33,0.970,0.123,0.111,0.242,-0.105,0.998,0.651,5.03,1.92,1.468,1.006,0.017,0.006,4.772,1
17:43092171:AAC:A,43092172,1120,5,1.0,0.0,0,0,0,0,0,0,0,0,0,0,0,0,0,0,0,0,0,0,0,0,0,0,0,0,0,0.0,0,0.0,,,,,,,,,,,,,,,,,,,,,,,,,,,,,,,,,,,,,,,,,1
17:43092142:G:C,43092142,1130,5,1.0,0.0,0,0,0,0,0,0,0,0,0,0,0,0,0,0,0,0,0,0,0,0,0,0,0,0,0,0.0,0,0.0,,,,,,,0.130,1,,,,0.84,,,,,,,,,0.359,0.277,,,6.509,36,0.986,0.723,0.180,0.511,0.206,0.999,0.732,4.32,3.36,1.922,1.176,0.974,0.887,1.653,1
17:43092131:C:A,43092131,1134,5,1.0,0.0,0,0,0,0,0,0,0,0,0,0,0,0,0,0,0,0,0,0,0,0,0,0,0,0,0,0.0,0,0.0,,,,,,,0.012,1,,,,0.844,,,,,,,,,0.373,0.298,,,6.121,35,0.981,0.823,0.069,0.554,0.256,1.000,0.707,5.18,4.2,3.372,0.103,0.695,0.377,14.264,1
17:43092088:TC:T,43092089,1148,4,1.0,0.0,0,0,0,0,0,0,0,0,0,0,0,0,0,0,0,0,0,0,0,0,0,0,0,0,0,0.0,0,0.0,,,,,,,,,,,,,,,,,,,,,,,,,,,,,,,,,,,,,,,,,1
17:43092045:AT:A,43092046,1162,4,1.0,0.0,6.978e-06,6.975e-06,0,1.354e-05,0,0,0,0,0,0,1.548e-05,0,0,0,0,0,0,0,0,0,0,0,0,0,0,0.0,0,0.0,,,,,,,,,,,,,,,,,,,,,,,,,,,,,,,,,,,,,,,,,1
17:43092027:AT:A,43092028,1168,4,1.0,0.0,0,0,0,0,0,0,0,0,0,0,0,0,0,0,0,0,0,0,0,0,0,0,0,0,0,0.0,0,0.0,,,,,,,,,,,,,,,,,,,,,,,,,,,,,,,,,,,,,,,,,1
17:43091918:CT:C,43091919,1206,4,1.0,0.0,0,0,0,0,0,0,0,0,0,0,0,0,0,0,0,0,0,0,0,0,0,0,0,0,0,0.0,0,0.0,,,,,,,,,,,,,,,,,,,,,,,,,,,,,,,,,,,,,,,,,1
17:43091903:C:CT,43091903,1210,3,1.0,0.0,0,0,0,0,0,0,0,0,0,0,0,0,0,0,0,0,0,0,0,0,0,0,0,0,0,0.0,0,0.0,,,,,,,,,,,,,,,,,,,,,,,,,,,,,,,,,,,,,,,,,1
